{"category": ["TotalCost", "TravelCost", "SpatialCost", "FacilityCost", "ActualCompensatation"], "Solution1": [6499.46620387231, 14144.0800693333, -7800, 155.38613453898, 12695.038461538501], "Solution2": [7229.011447867959, 14364.870290666699, -7200, 64.1411572012935, 10905.134615384599], "Solution3": [7408.959841611559, 14981.677402666699, -7600, 27.282438944890103, 11466.6730769231], "Solution4": [7489.47346994635, 14509.8668666667, -7200, 179.60660327968398, 532.104923076923], "Solution5": [7568.230085180479, 14827.149386666699, -7400, 141.080698513818, 13923.403846153798], "Solution6": [7666.89227565308, 13926.678184, -7800, 1540.2140916530802, 13954.7932923077], "Solution7": [7725.84857066667, 15125.8485706667, -7400, 0.0, 0.0], "Solution8": [7754.1069486941005, 14930.391938666698, -7400, 223.71501002742997, 9676.76923076923], "Solution9": [7771.1559306666695, 15571.155930666699, -7800, 0.0, 16204.653846153798], "Solution10": [7834.623431999999, 15434.623431999999, -7600, 0.0, 13958.5], "Solution11": [7855.2641995576905, 15256.822336000001, -7600, 198.44186355768997, 400.019138461539], "Solution12": [7913.56141066667, 16513.561410666698, -8600, 0.0, 0.0], "Solution13": [7947.954109198199, 15307.8295813333, -7800, 440.12452786487, 12695.038461538501], "Solution14": [8021.69017866667, 15421.690178666699, -7400, 0.0, 15713.3076923077], "Solution15": [8089.92591733333, 15089.925917333301, -7000, 0.0, 0.0], "Solution16": [8102.711178666659, 15702.7111786667, -7600, 0.0, 0.0], "Solution17": [8113.116784205229, 15711.572098666698, -7600, 1.54468553855813, 7079.65384615385], "Solution18": [8125.302185778321, 15439.472568000001, -8000, 685.829617778313, 15011.384615384599], "Solution19": [8130.04886167455, 14944.356072, -7000, 185.69278967455102, 15853.6923076923], "Solution20": [8134.42496996258, 15914.899434666699, -8000, 219.525535295915, 15186.865384615401], "Solution21": [8136.91785422473, 15346.2317306667, -7400, 190.68612355806098, 12203.6923076923], "Solution22": [8179.37993333333, 15979.3799333333, -7800, 0.0, 0.0], "Solution23": [8184.39416, 15784.39416, -7600, 0.0, 0.0], "Solution24": [8195.420784, 15595.420784, -7400, 0.0, 0.0], "Solution25": [8267.40565333333, 16067.4056533333, -7800, 0.0, 0.0], "Solution26": [8286.80268533333, 16086.802685333301, -7800, 0.0, 0.0], "Solution27": [8330.0463336044, 15496.7441813333, -7400, 233.302152271064, 14414.75], "Solution28": [8377.25982666666, 15977.2598266667, -7600, 0.0, 0.0], "Solution29": [8391.08041066667, 15191.0804106667, -6800, 0.0, 10940.2307692308], "Solution30": [8393.497572447379, 15905.612258666699, -7600, 87.8853137807162, 13958.5], "Solution31": [8397.015256, 15597.015256, -7200, 0.0, 11361.384615384599], "Solution32": [8399.588049160859, 15693.9784746667, -7800, 505.609574494192, 10729.6538461538], "Solution33": [8401.99225866667, 16001.9922586667, -7600, 0.0, 0.0], "Solution34": [8429.3007112686, 15756.328975999999, -7800, 472.971735268596, 1386.4665230769199], "Solution35": [8435.47773333333, 16235.4777333333, -7800, 0.0, 0.0], "Solution36": [8452.246238373249, 15623.430336000001, -7400, 228.815902373256, 456.760861538462], "Solution37": [8455.332514493159, 15806.7758213333, -7400, 48.556693159822, 95.4265846153867], "Solution38": [8456.70599718147, 15406.7998933333, -7000, 49.906103848133895, 12168.596153846202], "Solution39": [8458.506323608059, 14389.747568, -7600, 1668.75875560806, 12168.596153846202], "Solution40": [8466.406866666659, 15466.406866666699, -7000, 0.0, 0.0], "Solution41": [8500.70840439399, 14318.075962666699, -7400, 1582.63244172732, 14976.288461538501], "Solution42": [8501.60528900681, 14825.0734186667, -7200, 876.531870340144, 2206.30652307692], "Solution43": [8503.58915221876, 14599.666149333301, -7400, 1303.9230028854302, 4751.9760307692295], "Solution44": [8534.5392279653, 15182.1755306667, -7000, 352.363697298636, 17959.4615384615], "Solution45": [8556.15249886141, 14369.3857573333, -7800, 1986.76674152808, 6872.42049230769], "Solution46": [8579.45485866667, 16179.454858666699, -7600, 0.0, 0.0], "Solution47": [8595.21828950361, 15618.591936, -7800, 776.62635350361, 14976.288461538501], "Solution48": [8638.83695733333, 16438.8369573333, -7800, 0.0, 0.0], "Solution49": [8648.734668024928, 15391.1220506667, -7000, 257.61261735826304, 11993.115384615401], "Solution50": [8657.74375847145, 15026.968272, -7200, 830.7754864714509, 5681.455692307691], "Solution51": [8674.71391083508, 15341.977946666699, -7000, 332.73596416841, 13256.5769230769], "Solution52": [8688.68908520992, 15238.929029333302, -6800, 249.760055876591, 14414.75], "Solution53": [8691.17976266667, 15891.1797626667, -7200, 0.0, 10448.884615384599], "Solution54": [8711.98267764788, 15490.619831999998, -7400, 621.3628456478759, 14309.461538461499], "Solution55": [8727.49060967836, 16486.494704, -7800, 40.995905678355605, 8658.98076923077], "Solution56": [8740.989269331021, 15367.9321066667, -6800, 173.05716266435397, 10764.75], "Solution57": [8749.796779863671, 16347.7969626667, -7800, 201.99981719700298, 7114.75], "Solution58": [8752.19632331021, 16028.305765333302, -7400, 123.890557976877, 12344.0769230769], "Solution59": [8775.032472, 16175.032472, -7400, 0.0, 0.0], "Solution60": [8797.80608145667, 14790.5674213333, -7000, 1007.23866012334, 1831.1425846153898], "Solution61": [8804.390356297909, 16149.772264, -7400, 54.6180922979069, 14414.75], "Solution62": [8806.021244730591, 15561.3550773333, -7800, 1044.66616739725, 9796.12086153846], "Solution63": [8808.335483849809, 15772.811704, -7200, 235.52377984980401, 2517.1538461538503], "Solution64": [8808.94712266667, 16008.9471226667, -7200, 0.0, 0.0], "Solution65": [8809.41778614198, 15610.611152000001, -7200, 398.806634141975, 687.735015384616], "Solution66": [8822.62259466667, 16222.6225946667, -7400, 0.0, 0.0], "Solution67": [8831.53896266667, 16631.5389626667, -7800, 0.0, 0.0], "Solution68": [8886.48187733333, 16286.4818773333, -7400, 0.0, 13046.0], "Solution69": [8892.90343409432, 15364.581013333302, -7400, 928.3224207609869, 17468.1153846154], "Solution70": [8914.632556997321, 15338.828525333302, -7800, 1375.8040316639801, 10940.2307692308], "Solution71": [8917.76391503836, 16145.3336426667, -7600, 372.430272371693, 14976.288461538501], "Solution72": [8931.197986038409, 16216.9229386667, -8000, 714.275047371742, 17152.25], "Solution73": [8940.62860533333, 16540.628605333302, -7600, 0.0, 0.0], "Solution74": [8945.589585086629, 15717.932634666699, -7400, 627.6569504199599, 14449.846153846202], "Solution75": [8946.03237150925, 14998.3193493333, -7800, 1747.7130221759198, 3141.2742153846198], "Solution76": [8952.7416022837, 16251.861256, -7400, 100.8803462837, 13747.9230769231], "Solution77": [8968.45661333333, 15368.456613333301, -6400, 0.0, 0.0], "Solution78": [8973.16884549466, 15568.489874666699, -7600, 1004.6789708279902, 4485.09938461539], "Solution79": [8982.36504907165, 16698.31844, -7800, 84.0466090716544, 16766.1923076923], "Solution80": [8985.22269339725, 15523.0586106667, -7600, 1062.16408273059, 15361.954061538501], "Solution81": [8988.69173333333, 16788.6917333333, -7800, 0.0, 0.0], "Solution82": [9013.46667472179, 15260.334416, -7400, 1153.13225872179, 2550.49981538462], "Solution83": [9028.122333333331, 16828.1223333333, -7800, 0.0, 0.0], "Solution84": [9056.058272, 16256.058272, -7200, 0.0, 0.0], "Solution85": [9069.24151863517, 15161.97352, -7400, 1307.26799863517, 11719.3313230769], "Solution86": [9077.39650933334, 16877.3965093333, -7800, 0.0, 0.0], "Solution87": [9087.37386933333, 16287.373869333302, -7200, 0.0, 0.0], "Solution88": [9102.158304, 16302.158303999999, -7200, 0.0, 14660.4230769231], "Solution89": [9102.75322805192, 14596.138768, -7200, 1706.6144600519199, 3406.39698461539], "Solution90": [9104.9110960523, 14745.553688, -7800, 2159.3574080523, 11504.330153846202], "Solution91": [9121.915159080641, 16271.586293333301, -7200, 50.328865747304896, 16204.653846153798],